State,Action,Q-Value
"(3.0, 3.0, 3.0)",1.0,0.05433048794709712
"(3.0, 3.0, 3.0)",0.0,0.01875843888959007
