State,Action,Q-Value
"(3.0, 3.0, 3.0)",1.0,0.06612237646719056
"(3.0, 3.0, 3.0)",0.0,0.012966856918207866
