State,Action,Q-Value
"(3.0, 3.0, 3.0)",1.0,0.08892385675637611
"(3.0, 3.0, 3.0)",0.0,0.0033857201257356194
