State,Action,Q-Value
"(3.0, 3.0, 3.0)",1.0,0.059557548048899976
"(3.0, 3.0, 3.0)",0.0,0.01999986476021579
