State,Action,Q-Value
"(3.0, 3.0, 3.0)",1.0,0.059657516335420005
"(3.0, 3.0, 3.0)",0.0,0.018411761238327443
