State,Action,Q-Value
"(3.0, 3.0, 3.0)",1.0,0.0650147447274276
"(3.0, 3.0, 3.0)",0.0,0.02308463486842105
