State,Action,Q-Value
"(3.0, 3.0, 3.0)",1.0,0.06743033674260517
"(3.0, 3.0, 3.0)",0.0,0.016607477146497296
