State,Action,Q-Value
"(3.0, 3.0, 3.0)",0.0,0.018684843205574914
"(3.0, 3.0, 3.0)",1.0,0.05266003171953256
