State,Action,Q-Value
"(3.0, 3.0, 3.0)",0.0,0.008515416498316499
"(3.0, 3.0, 3.0)",1.0,0.06625125876362352
