State,Action,Q-Value
"(3.0, 3.0, 3.0)",1.0,0.06675340431498608
"(3.0, 3.0, 3.0)",0.0,0.004117937378896694
